id,first_name,last_name,email,password,avatar
1,Molly,Smith,molly.smith@example.com,disco,https://randomuser.me/api/portraits/thumb/women/14.jpg
2,Bianca,Alvarez,bianca.alvarez@example.com,jerry1,https://randomuser.me/api/portraits/thumb/women/16.jpg
3,William,Durand,william.durand@example.com,alissa,https://randomuser.me/api/portraits/thumb/men/8.jpg
4,Leo,Wright,leo.wright@example.com,treble,https://randomuser.me/api/portraits/thumb/men/67.jpg
5,Izzie,Hanson,izzie.hanson@example.com,skibum,https://randomuser.me/api/portraits/thumb/women/23.jpg
6,Liam,Smith,liam.smith@example.com,25252525,https://randomuser.me/api/portraits/thumb/men/77.jpg
7,Adrian,Morales,adrian.morales@example.com,meathead,https://randomuser.me/api/portraits/thumb/men/82.jpg
8,Vedat,Karaer,vedat.karaer@example.com,knight,https://randomuser.me/api/portraits/thumb/men/41.jpg
9,Fevzi,Verheijden,fevzi.verheijden@example.com,harmony,https://randomuser.me/api/portraits/thumb/men/98.jpg
10,Abdénago,Porto,abdenago.porto@example.com,chivas,https://randomuser.me/api/portraits/thumb/men/4.jpg
11,Julian,Villareal,julian.villareal@example.com,beatle,https://randomuser.me/api/portraits/thumb/men/25.jpg
12,Lisa,Gordon,lisa.gordon@example.com,raistlin,https://randomuser.me/api/portraits/thumb/women/23.jpg
13,Sanni,Pulkkinen,sanni.pulkkinen@example.com,soccer12,https://randomuser.me/api/portraits/thumb/women/17.jpg
14,Victor,Nielsen,victor.nielsen@example.com,yyyyyy1,https://randomuser.me/api/portraits/thumb/men/58.jpg
15,Rid,Pohilevich,rid.pohilevich@example.com,2005,https://randomuser.me/api/portraits/thumb/men/60.jpg
16,Friedl,Angerer,friedl.angerer@example.com,stiletto,https://randomuser.me/api/portraits/thumb/women/80.jpg
17,Kathryn,Porter,kathryn.porter@example.com,cats,https://randomuser.me/api/portraits/thumb/women/89.jpg
18,Johann,Fabre,johann.fabre@example.com,24242424,https://randomuser.me/api/portraits/thumb/men/44.jpg
19,Lenni,Paavola,lenni.paavola@example.com,runner,https://randomuser.me/api/portraits/thumb/men/76.jpg
20,Aadi,Naik,aadi.naik@example.com,volcano,https://randomuser.me/api/portraits/thumb/men/58.jpg
21,Rogelio,Rodríquez,rogelio.rodriquez@example.com,1031,https://randomuser.me/api/portraits/thumb/men/33.jpg
22,Jordan,Smith,jordan.smith@example.com,lesley,https://randomuser.me/api/portraits/thumb/men/32.jpg
23,Niklas,Laurila,niklas.laurila@example.com,147147,https://randomuser.me/api/portraits/thumb/men/92.jpg
24,Lillian,Carpenter,lillian.carpenter@example.com,raquel,https://randomuser.me/api/portraits/thumb/women/96.jpg
25,Nalan,Menemencioğlu,nalan.menemencioglu@example.com,passwor1,https://randomuser.me/api/portraits/thumb/women/17.jpg
26,Pascual,Acosta,pascual.acosta@example.com,ozzy,https://randomuser.me/api/portraits/thumb/men/92.jpg
27,Mia,Mitchell,mia.mitchell@example.com,hott,https://randomuser.me/api/portraits/thumb/women/14.jpg
28,Juana,Escobar,juana.escobar@example.com,diego,https://randomuser.me/api/portraits/thumb/women/61.jpg
29,Lorena,Santos,lorena.santos@example.com,2222,https://randomuser.me/api/portraits/thumb/women/62.jpg
30,Franklin,Cooper,franklin.cooper@example.com,wasser,https://randomuser.me/api/portraits/thumb/men/81.jpg
31,كيان,یاسمی,kyn.ysmy@example.com,dusty,https://randomuser.me/api/portraits/thumb/men/88.jpg
32,Saga,Jafari,saga.jafari@example.com,malone,https://randomuser.me/api/portraits/thumb/women/24.jpg
33,Luca,Drageset,luca.drageset@example.com,father,https://randomuser.me/api/portraits/thumb/women/36.jpg
34,Çetin,Akal,cetin.akal@example.com,groucho,https://randomuser.me/api/portraits/thumb/men/71.jpg
35,Gabriel,Schumacher,gabriel.schumacher@example.com,willow,https://randomuser.me/api/portraits/thumb/men/38.jpg
36,Rosalyn,Harris,rosalyn.harris@example.com,tiberius,https://randomuser.me/api/portraits/thumb/women/74.jpg
37,Malathy,Bhat,malathy.bhat@example.com,gofish,https://randomuser.me/api/portraits/thumb/women/10.jpg
38,بهاره,احمدی,bhrh.hmdy@example.com,augustus,https://randomuser.me/api/portraits/thumb/women/95.jpg
39,Elisa,Hidalgo,elisa.hidalgo@example.com,ou8123,https://randomuser.me/api/portraits/thumb/women/74.jpg
40,Ilya,Van der Weegen,ilya.vanderweegen@example.com,jolly,https://randomuser.me/api/portraits/thumb/men/5.jpg
41,Veronica,Graham,veronica.graham@example.com,herewego,https://randomuser.me/api/portraits/thumb/women/55.jpg
42,Rosa,Mateo,rosa.mateo@example.com,rocco,https://randomuser.me/api/portraits/thumb/women/39.jpg
43,Arron,Flores,arron.flores@example.com,riders,https://randomuser.me/api/portraits/thumb/men/16.jpg
44,Dev,Pujari,dev.pujari@example.com,1123,https://randomuser.me/api/portraits/thumb/men/91.jpg
45,Salvador,Álvarez,salvador.alvarez@example.com,lakewood,https://randomuser.me/api/portraits/thumb/men/89.jpg
46,Jairo,Carbajal,jairo.carbajal@example.com,0911,https://randomuser.me/api/portraits/thumb/men/68.jpg
47,Naim,Leclercq,naim.leclercq@example.com,midnite,https://randomuser.me/api/portraits/thumb/men/50.jpg
48,Bozhen,Kabanenko,bozhen.kabanenko@example.com,rabbit,https://randomuser.me/api/portraits/thumb/men/66.jpg
49,Eugenio,de la Fuente,eugenio.delafuente@example.com,audia4,https://randomuser.me/api/portraits/thumb/men/79.jpg
50,Namitha,Namnaik,namitha.namnaik@example.com,supersta,https://randomuser.me/api/portraits/thumb/women/14.jpg
51,Jeanne,Pelletier,jeanne.pelletier@example.com,coconut,https://randomuser.me/api/portraits/thumb/women/28.jpg
52,Samu,Mikkola,samu.mikkola@example.com,aaaaaaa,https://randomuser.me/api/portraits/thumb/men/24.jpg
53,Leposava,Anđelković,leposava.andelkovic@example.com,gidget,https://randomuser.me/api/portraits/thumb/women/67.jpg
54,Zhozefina,Chorniy,zhozefina.chorniy@example.com,colton,https://randomuser.me/api/portraits/thumb/women/19.jpg
55,Ana,Sánchez,ana.sanchez@example.com,animated,https://randomuser.me/api/portraits/thumb/women/80.jpg
56,Gesine,Stauch,gesine.stauch@example.com,zhuai,https://randomuser.me/api/portraits/thumb/women/82.jpg
57,Django,Wijmenga,django.wijmenga@example.com,ying,https://randomuser.me/api/portraits/thumb/men/7.jpg
58,Juan,Castro,juan.castro@example.com,bushido,https://randomuser.me/api/portraits/thumb/men/3.jpg
59,Mille,Petersen,mille.petersen@example.com,track,https://randomuser.me/api/portraits/thumb/men/45.jpg
60,Summer,Harris,summer.harris@example.com,company,https://randomuser.me/api/portraits/thumb/women/72.jpg
61,Eileen,Scott,eileen.scott@example.com,kawasaki,https://randomuser.me/api/portraits/thumb/women/23.jpg
62,Víctor,Diez,victor.diez@example.com,softail,https://randomuser.me/api/portraits/thumb/men/55.jpg
63,Ben,Bratberg,ben.bratberg@example.com,norwich,https://randomuser.me/api/portraits/thumb/men/97.jpg
64,Jacob,Nordli,jacob.nordli@example.com,raiders1,https://randomuser.me/api/portraits/thumb/men/71.jpg
65,Troy,Wagner,troy.wagner@example.com,miranda,https://randomuser.me/api/portraits/thumb/men/78.jpg
66,Aida,Galván,aida.galvan@example.com,katherin,https://randomuser.me/api/portraits/thumb/women/89.jpg
67,Ananth,Anchan,ananth.anchan@example.com,sullivan,https://randomuser.me/api/portraits/thumb/men/98.jpg
68,Diane,Marie,diane.marie@example.com,powder,https://randomuser.me/api/portraits/thumb/women/22.jpg
69,Lewis,Jackson,lewis.jackson@example.com,engineer,https://randomuser.me/api/portraits/thumb/men/46.jpg
70,Murat,Ozansoy,murat.ozansoy@example.com,paris,https://randomuser.me/api/portraits/thumb/men/53.jpg
71,Nathan,Wilson,nathan.wilson@example.com,buttercu,https://randomuser.me/api/portraits/thumb/men/86.jpg
72,Pilar,Pleijsier,pilar.pleijsier@example.com,allstar,https://randomuser.me/api/portraits/thumb/women/84.jpg
73,Adolfo,Gil,adolfo.gil@example.com,pianoman,https://randomuser.me/api/portraits/thumb/men/14.jpg
74,Magda,Störmer,magda.stormer@example.com,gofish,https://randomuser.me/api/portraits/thumb/women/44.jpg
75,David,Arnold,david.arnold@example.com,biology,https://randomuser.me/api/portraits/thumb/men/81.jpg
76,Nikolina,Pejaković,nikolina.pejakovic@example.com,woody1,https://randomuser.me/api/portraits/thumb/women/85.jpg
77,Thor,Van Amsterdam,thor.vanamsterdam@example.com,bbbbbbbb,https://randomuser.me/api/portraits/thumb/men/88.jpg
78,رهام,نكو نظر,rhm.nkwnzr@example.com,chelle,https://randomuser.me/api/portraits/thumb/men/60.jpg
79,Hanne-Lore,Jäckel,hanne-lore.jackel@example.com,sheriff,https://randomuser.me/api/portraits/thumb/women/80.jpg
80,Nina,Wang,nina.wang@example.com,rommel,https://randomuser.me/api/portraits/thumb/women/70.jpg
81,Aapo,Wiitala,aapo.wiitala@example.com,xfiles,https://randomuser.me/api/portraits/thumb/men/50.jpg
82,Aatu,Haataja,aatu.haataja@example.com,peng,https://randomuser.me/api/portraits/thumb/men/91.jpg
83,Clara,Long,clara.long@example.com,252525,https://randomuser.me/api/portraits/thumb/women/75.jpg
84,Stein,Husby,stein.husby@example.com,impala,https://randomuser.me/api/portraits/thumb/men/81.jpg
85,Zoé,Candelaria,zoe.candelaria@example.com,hamburg,https://randomuser.me/api/portraits/thumb/women/87.jpg
86,Jack,Brar,jack.brar@example.com,samurai,https://randomuser.me/api/portraits/thumb/men/11.jpg
87,Indie,Patel,indie.patel@example.com,iiiiii,https://randomuser.me/api/portraits/thumb/women/71.jpg
88,Alessio,Roussel,alessio.roussel@example.com,square,https://randomuser.me/api/portraits/thumb/men/60.jpg
89,Margaux,Gerard,margaux.gerard@example.com,shogun,https://randomuser.me/api/portraits/thumb/women/91.jpg
90,Nevena,Srejović,nevena.srejovic@example.com,teddybea,https://randomuser.me/api/portraits/thumb/women/61.jpg
91,Nicolas,Bélanger,nicolas.belanger@example.com,dorothy,https://randomuser.me/api/portraits/thumb/men/55.jpg
92,Nísio,Almeida,nisio.almeida@example.com,matthias,https://randomuser.me/api/portraits/thumb/men/98.jpg
93,Bob,Mccoy,bob.mccoy@example.com,oakley,https://randomuser.me/api/portraits/thumb/men/3.jpg
94,Joel,Salminen,joel.salminen@example.com,emilie,https://randomuser.me/api/portraits/thumb/men/14.jpg
95,Duane,Soto,duane.soto@example.com,mothers,https://randomuser.me/api/portraits/thumb/men/77.jpg
96,Afet,Baykam,afet.baykam@example.com,beezer,https://randomuser.me/api/portraits/thumb/women/93.jpg
97,Lauri,Harju,lauri.harju@example.com,brando,https://randomuser.me/api/portraits/thumb/men/69.jpg
98,Golubko,Avdieienko,golubko.avdieienko@example.com,4you,https://randomuser.me/api/portraits/thumb/men/93.jpg
99,Augusto,da Conceição,augusto.daconceicao@example.com,video1,https://randomuser.me/api/portraits/thumb/men/23.jpg
100,Faouzi,Westera,faouzi.westera@example.com,musical,https://randomuser.me/api/portraits/thumb/men/61.jpg
101,Halil,Morin,halil.morin@example.com,allstar,https://randomuser.me/api/portraits/thumb/men/91.jpg
102,Roy,Mccoy,roy.mccoy@example.com,johnny5,https://randomuser.me/api/portraits/thumb/men/23.jpg
103,Vukašin,Popović,vukasin.popovic@example.com,bread,https://randomuser.me/api/portraits/thumb/men/11.jpg
104,Javier,Byrd,javier.byrd@example.com,athlon,https://randomuser.me/api/portraits/thumb/men/17.jpg
105,Laszlo,Starke,laszlo.starke@example.com,dewalt,https://randomuser.me/api/portraits/thumb/men/12.jpg
106,Alvaro,Bravo,alvaro.bravo@example.com,1029,https://randomuser.me/api/portraits/thumb/men/27.jpg
107,Régia,Peixoto,regia.peixoto@example.com,leelee,https://randomuser.me/api/portraits/thumb/women/57.jpg
108,Ella,Andersen,ella.andersen@example.com,rich,https://randomuser.me/api/portraits/thumb/women/16.jpg
109,Cédric,Doevendans,cedric.doevendans@example.com,meadow,https://randomuser.me/api/portraits/thumb/men/78.jpg
110,Taha,Støa,taha.stoa@example.com,jjjjj,https://randomuser.me/api/portraits/thumb/men/70.jpg
111,Elsa,Hanninen,elsa.hanninen@example.com,nichole,https://randomuser.me/api/portraits/thumb/women/95.jpg
112,Aldo,Guzmán,aldo.guzman@example.com,topgun,https://randomuser.me/api/portraits/thumb/men/50.jpg
113,Leticia,Mathieu,leticia.mathieu@example.com,galant,https://randomuser.me/api/portraits/thumb/women/28.jpg
114,Violet,Edwards,violet.edwards@example.com,amazon,https://randomuser.me/api/portraits/thumb/women/87.jpg
115,Stephen,Garza,stephen.garza@example.com,xxxxxxx,https://randomuser.me/api/portraits/thumb/men/43.jpg
116,Jesse,Ramo,jesse.ramo@example.com,install,https://randomuser.me/api/portraits/thumb/men/42.jpg
117,Branka,Ivanišević,branka.ivanisevic@example.com,woody1,https://randomuser.me/api/portraits/thumb/women/1.jpg
118,Praneel,Prabhakaran,praneel.prabhakaran@example.com,1952,https://randomuser.me/api/portraits/thumb/men/55.jpg
119,Sophia,Carpentier,sophia.carpentier@example.com,champion,https://randomuser.me/api/portraits/thumb/women/65.jpg
120,Ray,Willis,ray.willis@example.com,andy,https://randomuser.me/api/portraits/thumb/men/94.jpg
121,کیمیا,کوتی,khymy.khwty@example.com,toni,https://randomuser.me/api/portraits/thumb/women/40.jpg
122,Oğuzhan,Tunaboylu,oguzhan.tunaboylu@example.com,drive,https://randomuser.me/api/portraits/thumb/men/12.jpg
123,Paige,Lewis,paige.lewis@example.com,topher,https://randomuser.me/api/portraits/thumb/women/15.jpg
124,Alexis,Leroy,alexis.leroy@example.com,camp,https://randomuser.me/api/portraits/thumb/men/95.jpg
125,Maurice,Sanchez,maurice.sanchez@example.com,offshore,https://randomuser.me/api/portraits/thumb/men/36.jpg
126,بنیامین,یاسمی,bnymyn.ysmy@example.com,sparky1,https://randomuser.me/api/portraits/thumb/men/76.jpg
127,Anja,Perić,anja.peric@example.com,vegeta,https://randomuser.me/api/portraits/thumb/women/81.jpg
128,Alejandra,Mora,alejandra.mora@example.com,help,https://randomuser.me/api/portraits/thumb/women/26.jpg
129,Elizabeth,Patterson,elizabeth.patterson@example.com,pretty,https://randomuser.me/api/portraits/thumb/women/31.jpg
130,Adem,Akyürek,adem.akyurek@example.com,pelican,https://randomuser.me/api/portraits/thumb/men/26.jpg
131,Gunbir,Kini,gunbir.kini@example.com,audi,https://randomuser.me/api/portraits/thumb/men/54.jpg
132,Raimundo,Ribeiro,raimundo.ribeiro@example.com,zzzz,https://randomuser.me/api/portraits/thumb/men/14.jpg
133,Mike,Fields,mike.fields@example.com,br0d3r,https://randomuser.me/api/portraits/thumb/men/37.jpg
134,Mia,Girard,mia.girard@example.com,mang,https://randomuser.me/api/portraits/thumb/women/66.jpg
135,Metehan,Pinkster,metehan.pinkster@example.com,birthday,https://randomuser.me/api/portraits/thumb/men/87.jpg
136,Dano,Van Hooren,dano.vanhooren@example.com,model,https://randomuser.me/api/portraits/thumb/men/30.jpg
137,Anny,Sundseth,anny.sundseth@example.com,customer,https://randomuser.me/api/portraits/thumb/women/20.jpg
138,Rosie,Turner,rosie.turner@example.com,neville,https://randomuser.me/api/portraits/thumb/women/77.jpg
139,Liliana,Oquendo,liliana.oquendo@example.com,peace1,https://randomuser.me/api/portraits/thumb/women/17.jpg
140,Giancarlo,Hakvoort,giancarlo.hakvoort@example.com,skyler,https://randomuser.me/api/portraits/thumb/men/68.jpg
141,Melvin,Boyer,melvin.boyer@example.com,trunks,https://randomuser.me/api/portraits/thumb/men/37.jpg
142,Elliot,Bélanger,elliot.belanger@example.com,silvia,https://randomuser.me/api/portraits/thumb/men/33.jpg
143,Monja,Strauss,monja.strauss@example.com,super,https://randomuser.me/api/portraits/thumb/women/87.jpg
144,Isidoro,Caldeira,isidoro.caldeira@example.com,johnjohn,https://randomuser.me/api/portraits/thumb/men/74.jpg
145,Marcia,Duval,marcia.duval@example.com,pete,https://randomuser.me/api/portraits/thumb/women/69.jpg
146,Charles,Côté,charles.cote@example.com,chopper,https://randomuser.me/api/portraits/thumb/men/86.jpg
147,Lyuborada,Simashko,lyuborada.simashko@example.com,babes,https://randomuser.me/api/portraits/thumb/women/8.jpg
148,Jake,Jackson,jake.jackson@example.com,bella,https://randomuser.me/api/portraits/thumb/men/71.jpg
149,Alicia,Mathieu,alicia.mathieu@example.com,impact,https://randomuser.me/api/portraits/thumb/women/26.jpg
150,Godofredo,Farias,godofredo.farias@example.com,hhhh,https://randomuser.me/api/portraits/thumb/men/2.jpg
151,Ana,Tucker,ana.tucker@example.com,zombie,https://randomuser.me/api/portraits/thumb/women/67.jpg
152,Steven,Grønning,steven.gronning@example.com,celtic,https://randomuser.me/api/portraits/thumb/men/6.jpg
153,Mangala,Namnaik,mangala.namnaik@example.com,deputy,https://randomuser.me/api/portraits/thumb/women/21.jpg
154,Marcos,Laurent,marcos.laurent@example.com,nurses,https://randomuser.me/api/portraits/thumb/men/24.jpg
155,Emilia,Ollila,emilia.ollila@example.com,godfather,https://randomuser.me/api/portraits/thumb/women/33.jpg
156,یاسمین,كامياران,ysmyn.kmyrn@example.com,tong,https://randomuser.me/api/portraits/thumb/women/26.jpg
157,Elizabeth,Coleman,elizabeth.coleman@example.com,script,https://randomuser.me/api/portraits/thumb/women/73.jpg
158,Osnilda,Monteiro,osnilda.monteiro@example.com,love,https://randomuser.me/api/portraits/thumb/women/31.jpg
159,Lilja,Ranta,lilja.ranta@example.com,camero,https://randomuser.me/api/portraits/thumb/women/41.jpg
160,Yanick,Gauthier,yanick.gauthier@example.com,candy1,https://randomuser.me/api/portraits/thumb/men/10.jpg
161,Randy,Garcia,randy.garcia@example.com,miller,https://randomuser.me/api/portraits/thumb/men/39.jpg
162,Noah,Clarke,noah.clarke@example.com,implants,https://randomuser.me/api/portraits/thumb/men/57.jpg
163,Eloane,Carpentier,eloane.carpentier@example.com,syzygy,https://randomuser.me/api/portraits/thumb/women/77.jpg
164,Milan,Tvete,milan.tvete@example.com,scuba,https://randomuser.me/api/portraits/thumb/men/60.jpg
165,Arthur,Davies,arthur.davies@example.com,senna,https://randomuser.me/api/portraits/thumb/men/2.jpg
166,Deborah,Sanders,deborah.sanders@example.com,valentin,https://randomuser.me/api/portraits/thumb/women/68.jpg
167,Taras,Dzhul,taras.dzhul@example.com,big1,https://randomuser.me/api/portraits/thumb/men/91.jpg
168,Terje,Bye,terje.bye@example.com,blanked,https://randomuser.me/api/portraits/thumb/men/27.jpg
169,بیتا,یاسمی,byt.ysmy@example.com,bird33,https://randomuser.me/api/portraits/thumb/women/33.jpg
170,Samu,Marttila,samu.marttila@example.com,zxczxc,https://randomuser.me/api/portraits/thumb/men/35.jpg
171,Zara,Taylor,zara.taylor@example.com,chrome,https://randomuser.me/api/portraits/thumb/women/13.jpg
172,Juana,Méndez,juana.mendez@example.com,hotboy,https://randomuser.me/api/portraits/thumb/women/89.jpg
173,Malou,Christensen,malou.christensen@example.com,bootsy,https://randomuser.me/api/portraits/thumb/women/89.jpg
174,Andrea,Álvarez,andrea.alvarez@example.com,dragon1,https://randomuser.me/api/portraits/thumb/women/67.jpg
175,Justin,Harrison,justin.harrison@example.com,2121,https://randomuser.me/api/portraits/thumb/men/20.jpg
176,Amanda,Pulido,amanda.pulido@example.com,pulsar,https://randomuser.me/api/portraits/thumb/women/81.jpg
177,Earl,Cooper,earl.cooper@example.com,syzygy,https://randomuser.me/api/portraits/thumb/men/74.jpg
178,Oliver,Hokkanen,oliver.hokkanen@example.com,manman,https://randomuser.me/api/portraits/thumb/men/91.jpg
179,نازنین,رضایی,nznyn.rdyy@example.com,palmer,https://randomuser.me/api/portraits/thumb/women/53.jpg
180,Cassandra,Vårdal,cassandra.vardal@example.com,murray,https://randomuser.me/api/portraits/thumb/women/9.jpg
181,Kira,Roll,kira.roll@example.com,coleman,https://randomuser.me/api/portraits/thumb/women/14.jpg
182,طاها,صدر,th.sdr@example.com,edthom,https://randomuser.me/api/portraits/thumb/men/6.jpg
183,Yuka,Güzel,yuka.guzel@example.com,redskins,https://randomuser.me/api/portraits/thumb/women/55.jpg
184,Sofija,Ilić,sofija.ilic@example.com,camel,https://randomuser.me/api/portraits/thumb/women/6.jpg
185,Dobrivoje,Šijan,dobrivoje.sijan@example.com,aptiva,https://randomuser.me/api/portraits/thumb/men/61.jpg
186,Addison,Ma,addison.ma@example.com,summers,https://randomuser.me/api/portraits/thumb/women/60.jpg
187,Carlota,Zúñiga,carlota.zuniga@example.com,stimpy,https://randomuser.me/api/portraits/thumb/women/72.jpg
188,Zorica,Zekić,zorica.zekic@example.com,dallas1,https://randomuser.me/api/portraits/thumb/women/77.jpg
189,Archer,Martin,archer.martin@example.com,abbott,https://randomuser.me/api/portraits/thumb/men/74.jpg
190,Justin,Slawa,justin.slawa@example.com,bigblue,https://randomuser.me/api/portraits/thumb/men/95.jpg
191,Praneel,Saha,praneel.saha@example.com,citadel,https://randomuser.me/api/portraits/thumb/men/83.jpg
192,Tale,Sortland,tale.sortland@example.com,777777,https://randomuser.me/api/portraits/thumb/women/78.jpg
193,Blake,Anderson,blake.anderson@example.com,masamune,https://randomuser.me/api/portraits/thumb/men/85.jpg
194,Engrácio,Nogueira,engracio.nogueira@example.com,garion,https://randomuser.me/api/portraits/thumb/men/28.jpg
195,Saana,Manninen,saana.manninen@example.com,butch,https://randomuser.me/api/portraits/thumb/women/71.jpg
196,Rasmus,Jensen,rasmus.jensen@example.com,major,https://randomuser.me/api/portraits/thumb/men/40.jpg
197,Ljuba,Nenadović,ljuba.nenadovic@example.com,parker,https://randomuser.me/api/portraits/thumb/women/36.jpg
198,Eliza,Simmons,eliza.simmons@example.com,cheese1,https://randomuser.me/api/portraits/thumb/women/47.jpg
199,Jessika,Kretschmann,jessika.kretschmann@example.com,wolves,https://randomuser.me/api/portraits/thumb/women/39.jpg
200,Javier,Banks,javier.banks@example.com,vvvvv,https://randomuser.me/api/portraits/thumb/men/64.jpg
201,Pamela,Stone,pamela.stone@example.com,craig,https://randomuser.me/api/portraits/thumb/women/7.jpg
202,Baguandas,Silva,baguandas.silva@example.com,lllll,https://randomuser.me/api/portraits/thumb/men/87.jpg
203,Mariano,Torres,mariano.torres@example.com,wave,https://randomuser.me/api/portraits/thumb/men/62.jpg
204,Isabelle,Kumar,isabelle.kumar@example.com,a1b2c3d4,https://randomuser.me/api/portraits/thumb/women/96.jpg
205,Christina,Russell,christina.russell@example.com,microsoft,https://randomuser.me/api/portraits/thumb/women/36.jpg
206,Joona,Ahonen,joona.ahonen@example.com,friendly,https://randomuser.me/api/portraits/thumb/men/59.jpg
207,Dolores,Vázquez,dolores.vazquez@example.com,kayla,https://randomuser.me/api/portraits/thumb/women/39.jpg
208,Jorge,Coleman,jorge.coleman@example.com,pathfind,https://randomuser.me/api/portraits/thumb/men/92.jpg
209,Izzie,Burton,izzie.burton@example.com,dogger,https://randomuser.me/api/portraits/thumb/women/87.jpg
210,Charlie,Hansen,charlie.hansen@example.com,nian,https://randomuser.me/api/portraits/thumb/men/69.jpg
211,Georgio,Lanting,georgio.lanting@example.com,smackdow,https://randomuser.me/api/portraits/thumb/men/45.jpg
212,Noemie,Barbier,noemie.barbier@example.com,invis,https://randomuser.me/api/portraits/thumb/women/4.jpg
213,Yaïr,Bonhof,yair.bonhof@example.com,aaaa,https://randomuser.me/api/portraits/thumb/men/81.jpg
214,Erica,Øwre,erica.owre@example.com,roses,https://randomuser.me/api/portraits/thumb/women/42.jpg
215,Rosie,Fernandez,rosie.fernandez@example.com,speaker,https://randomuser.me/api/portraits/thumb/women/71.jpg
216,Mandy,Hunt,mandy.hunt@example.com,semperfi,https://randomuser.me/api/portraits/thumb/women/65.jpg
217,Martin,Harrison,martin.harrison@example.com,kungfu,https://randomuser.me/api/portraits/thumb/men/75.jpg
218,Amandine,Gonzalez,amandine.gonzalez@example.com,searay,https://randomuser.me/api/portraits/thumb/women/37.jpg
219,Grace,Griffin,grace.griffin@example.com,sonoma,https://randomuser.me/api/portraits/thumb/women/87.jpg
220,Alex,Green,alex.green@example.com,bread,https://randomuser.me/api/portraits/thumb/men/61.jpg
221,Andrea,Lopez,andrea.lopez@example.com,isaac,https://randomuser.me/api/portraits/thumb/women/45.jpg
222,Salvador,Castro,salvador.castro@example.com,davis,https://randomuser.me/api/portraits/thumb/men/65.jpg
223,Laura,Pedersen,laura.pedersen@example.com,domino,https://randomuser.me/api/portraits/thumb/women/78.jpg
224,Isabella,Anderson,isabella.anderson@example.com,loveya,https://randomuser.me/api/portraits/thumb/women/93.jpg
225,Eduardo,Ortega,eduardo.ortega@example.com,wolfpac,https://randomuser.me/api/portraits/thumb/men/3.jpg
226,Aleu,da Costa,aleu.dacosta@example.com,viagra,https://randomuser.me/api/portraits/thumb/men/37.jpg
227,Florival,da Rocha,florival.darocha@example.com,mamas,https://randomuser.me/api/portraits/thumb/men/62.jpg
228,Ute,Dubois,ute.dubois@example.com,ebony,https://randomuser.me/api/portraits/thumb/women/3.jpg
229,Vitaliy,Zayachkivskiy,vitaliy.zayachkivskiy@example.com,masamune,https://randomuser.me/api/portraits/thumb/men/67.jpg
230,Randy,Ray,randy.ray@example.com,barton,https://randomuser.me/api/portraits/thumb/men/61.jpg
231,Luis,Robertson,luis.robertson@example.com,gong,https://randomuser.me/api/portraits/thumb/men/9.jpg
232,Eliott,Barbier,eliott.barbier@example.com,cleo,https://randomuser.me/api/portraits/thumb/men/6.jpg
233,José,Peña,jose.pena@example.com,dragons,https://randomuser.me/api/portraits/thumb/men/35.jpg
234,Adem,Alpuğan,adem.alpugan@example.com,sigmachi,https://randomuser.me/api/portraits/thumb/men/16.jpg
235,Atharv,Adiga,atharv.adiga@example.com,llllllll,https://randomuser.me/api/portraits/thumb/men/9.jpg
236,Oscar,Robinson,oscar.robinson@example.com,oceans,https://randomuser.me/api/portraits/thumb/men/15.jpg
237,سارینا,صدر,sryn.sdr@example.com,mail,https://randomuser.me/api/portraits/thumb/women/7.jpg
238,Eléna,Leclerc,elena.leclerc@example.com,aside,https://randomuser.me/api/portraits/thumb/women/95.jpg
239,Helmi,Nevala,helmi.nevala@example.com,kentucky,https://randomuser.me/api/portraits/thumb/women/8.jpg
240,Brandy,Gutierrez,brandy.gutierrez@example.com,armani,https://randomuser.me/api/portraits/thumb/women/95.jpg
241,Cornelius,Erstad,cornelius.erstad@example.com,lakers,https://randomuser.me/api/portraits/thumb/men/69.jpg
242,Ida,Johansen,ida.johansen@example.com,bbbbbbb,https://randomuser.me/api/portraits/thumb/women/0.jpg
243,Slavica,Vuksanović,slavica.vuksanovic@example.com,menace,https://randomuser.me/api/portraits/thumb/women/49.jpg
244,Esteban,Marín,esteban.marin@example.com,redwings,https://randomuser.me/api/portraits/thumb/men/85.jpg
245,Pihla,Mikkola,pihla.mikkola@example.com,love1,https://randomuser.me/api/portraits/thumb/women/60.jpg
246,Sigrun,Kjos,sigrun.kjos@example.com,thursday,https://randomuser.me/api/portraits/thumb/women/25.jpg
247,Mina,Jonassen,mina.jonassen@example.com,chucky,https://randomuser.me/api/portraits/thumb/women/18.jpg
248,Sebastian,Lee,sebastian.lee@example.com,karen,https://randomuser.me/api/portraits/thumb/men/40.jpg
249,Kathleen,Wright,kathleen.wright@example.com,seadog,https://randomuser.me/api/portraits/thumb/women/11.jpg
250,Ruslana,Ivanić,ruslana.ivanic@example.com,wildfire,https://randomuser.me/api/portraits/thumb/women/66.jpg
251,Jorge,Carmona,jorge.carmona@example.com,1210,https://randomuser.me/api/portraits/thumb/men/85.jpg
252,Marin,Legrand,marin.legrand@example.com,lagnaf,https://randomuser.me/api/portraits/thumb/men/11.jpg
253,Martín,Calvo,martin.calvo@example.com,marlin,https://randomuser.me/api/portraits/thumb/men/42.jpg
254,Eva,Novak,eva.novak@example.com,boomer,https://randomuser.me/api/portraits/thumb/women/58.jpg
255,Olimpiada,Skopenko,olimpiada.skopenko@example.com,predator,https://randomuser.me/api/portraits/thumb/women/10.jpg
256,Mehmet,Çamdalı,mehmet.camdali@example.com,plasma,https://randomuser.me/api/portraits/thumb/men/93.jpg
257,Isaac,Doyle,isaac.doyle@example.com,chrysler,https://randomuser.me/api/portraits/thumb/men/67.jpg
258,Gloria,Vázquez,gloria.vazquez@example.com,candy1,https://randomuser.me/api/portraits/thumb/women/86.jpg
259,Megan,Ambrose,megan.ambrose@example.com,0987,https://randomuser.me/api/portraits/thumb/women/46.jpg
260,María Elena,Iglesias,mariaelena.iglesias@example.com,goldfing,https://randomuser.me/api/portraits/thumb/women/48.jpg
261,Leon,Heiden,leon.heiden@example.com,grande,https://randomuser.me/api/portraits/thumb/men/16.jpg
262,Kashvi,Taj,kashvi.taj@example.com,forfun,https://randomuser.me/api/portraits/thumb/women/81.jpg
263,Trifun,Katanić,trifun.katanic@example.com,crimson,https://randomuser.me/api/portraits/thumb/men/15.jpg
264,Mar'yana,Stobenskiy,mar'yana.stobenskiy@example.com,ericsson,https://randomuser.me/api/portraits/thumb/women/69.jpg
265,Celia,Boyer,celia.boyer@example.com,quest1,https://randomuser.me/api/portraits/thumb/women/89.jpg
266,Mélina,Henry,melina.henry@example.com,fatcat,https://randomuser.me/api/portraits/thumb/women/77.jpg
267,Stella,Robinson,stella.robinson@example.com,12345678,https://randomuser.me/api/portraits/thumb/women/53.jpg
268,Alexandra,Fabre,alexandra.fabre@example.com,keith,https://randomuser.me/api/portraits/thumb/women/52.jpg
269,Monja,Gentner,monja.gentner@example.com,isabella,https://randomuser.me/api/portraits/thumb/women/12.jpg
270,Chinouk,Van Ophem,chinouk.vanophem@example.com,vvvv,https://randomuser.me/api/portraits/thumb/women/70.jpg
271,Sherri,Williamson,sherri.williamson@example.com,1dragon,https://randomuser.me/api/portraits/thumb/women/96.jpg
272,Janet,Gutierrez,janet.gutierrez@example.com,ficken,https://randomuser.me/api/portraits/thumb/women/20.jpg
273,Hailey,Reid,hailey.reid@example.com,marquis,https://randomuser.me/api/portraits/thumb/women/66.jpg
274,Rafael,Santos,rafael.santos@example.com,julia,https://randomuser.me/api/portraits/thumb/men/34.jpg
275,نیایش,رضایی,nyysh.rdyy@example.com,plasma,https://randomuser.me/api/portraits/thumb/women/42.jpg
276,Gül,Adıvar,gul.adivar@example.com,faster,https://randomuser.me/api/portraits/thumb/women/77.jpg
277,Daniel,Ross,daniel.ross@example.com,asasas,https://randomuser.me/api/portraits/thumb/men/92.jpg
278,Claudia,Romero,claudia.romero@example.com,bucky,https://randomuser.me/api/portraits/thumb/women/77.jpg
279,Ferdinanda,Rocha,ferdinanda.rocha@example.com,asian,https://randomuser.me/api/portraits/thumb/women/57.jpg
280,Patricio,Lemus,patricio.lemus@example.com,bentley,https://randomuser.me/api/portraits/thumb/men/86.jpg
281,Camila,Parra,camila.parra@example.com,tommie,https://randomuser.me/api/portraits/thumb/women/4.jpg
282,Metin,Wehner,metin.wehner@example.com,mentor,https://randomuser.me/api/portraits/thumb/men/57.jpg
283,Obren,Tišma,obren.tisma@example.com,playing,https://randomuser.me/api/portraits/thumb/men/69.jpg
284,Mustafa,Günday,mustafa.gunday@example.com,anita,https://randomuser.me/api/portraits/thumb/men/86.jpg
285,Ludmila,Rukavina,ludmila.rukavina@example.com,vortex,https://randomuser.me/api/portraits/thumb/women/78.jpg
286,Modesto,Figueroa,modesto.figueroa@example.com,tommy1,https://randomuser.me/api/portraits/thumb/men/70.jpg
287,Lachlan,Roberts,lachlan.roberts@example.com,whisper,https://randomuser.me/api/portraits/thumb/men/23.jpg
288,Nanna,Mortensen,nanna.mortensen@example.com,5000,https://randomuser.me/api/portraits/thumb/women/34.jpg
289,کیانا,کامروا,khyn.khmrw@example.com,sable,https://randomuser.me/api/portraits/thumb/women/55.jpg
290,Volkan,Kaplangı,volkan.kaplangi@example.com,betsy,https://randomuser.me/api/portraits/thumb/men/81.jpg
291,Soufiane,Aardenburg,soufiane.aardenburg@example.com,federal,https://randomuser.me/api/portraits/thumb/women/81.jpg
292,Laura,Farragher,laura.farragher@example.com,spawn,https://randomuser.me/api/portraits/thumb/women/83.jpg
293,Beatrice,James,beatrice.james@example.com,mail,https://randomuser.me/api/portraits/thumb/women/27.jpg
294,Danica,Nemanjić,danica.nemanjic@example.com,python,https://randomuser.me/api/portraits/thumb/women/93.jpg
295,Soledad,Figueroa,soledad.figueroa@example.com,scotch,https://randomuser.me/api/portraits/thumb/women/10.jpg
296,Johanne,Madsen,johanne.madsen@example.com,nymets,https://randomuser.me/api/portraits/thumb/women/74.jpg
297,Bently,Roy,bently.roy@example.com,hampton,https://randomuser.me/api/portraits/thumb/men/78.jpg
298,Ida,Johansen,ida.johansen@example.com,prowler,https://randomuser.me/api/portraits/thumb/women/62.jpg
299,Stanko,Vasić,stanko.vasic@example.com,brendan,https://randomuser.me/api/portraits/thumb/men/22.jpg
300,Hernán,Barela,hernan.barela@example.com,lily,https://randomuser.me/api/portraits/thumb/men/85.jpg
301,Tom,Roux,tom.roux@example.com,figure,https://randomuser.me/api/portraits/thumb/men/74.jpg
302,Phoebe,Carlson,phoebe.carlson@example.com,engine,https://randomuser.me/api/portraits/thumb/women/11.jpg
303,Lea,Morin,lea.morin@example.com,ou8123,https://randomuser.me/api/portraits/thumb/women/35.jpg
304,Veselin,Vujić,veselin.vujic@example.com,here,https://randomuser.me/api/portraits/thumb/men/36.jpg
305,Nihal,Dağlaroğlu,nihal.daglaroglu@example.com,snake1,https://randomuser.me/api/portraits/thumb/men/94.jpg
306,Victoria,Kristensen,victoria.kristensen@example.com,deng,https://randomuser.me/api/portraits/thumb/women/60.jpg
307,Önal,Kunter,onal.kunter@example.com,jordan23,https://randomuser.me/api/portraits/thumb/men/36.jpg
308,Peremisl,Kucheryavenko,peremisl.kucheryavenko@example.com,crazy1,https://randomuser.me/api/portraits/thumb/men/28.jpg
309,Yasemin,Akyüz,yasemin.akyuz@example.com,ripken,https://randomuser.me/api/portraits/thumb/women/40.jpg
310,Antonio,Herrero,antonio.herrero@example.com,woods,https://randomuser.me/api/portraits/thumb/men/23.jpg
311,Bruno,Henríquez,bruno.henriquez@example.com,smudge,https://randomuser.me/api/portraits/thumb/men/25.jpg
312,David,Souza,david.souza@example.com,aardvark,https://randomuser.me/api/portraits/thumb/men/59.jpg
313,Kreszentia,Hof,kreszentia.hof@example.com,feet,https://randomuser.me/api/portraits/thumb/women/70.jpg
314,Jack,Kelly,jack.kelly@example.com,qwerty12,https://randomuser.me/api/portraits/thumb/men/66.jpg
315,Caitlin,Walker,caitlin.walker@example.com,nolimit,https://randomuser.me/api/portraits/thumb/women/2.jpg
316,Ahmad,Haustein,ahmad.haustein@example.com,klingon,https://randomuser.me/api/portraits/thumb/men/95.jpg
317,Samu,Kuusisto,samu.kuusisto@example.com,joseph,https://randomuser.me/api/portraits/thumb/men/27.jpg
318,Josefine,Lopez,josefine.lopez@example.com,century,https://randomuser.me/api/portraits/thumb/women/94.jpg
319,Anastasia,Weißer,anastasia.weisser@example.com,bauhaus,https://randomuser.me/api/portraits/thumb/women/30.jpg
320,Mathilde,Moulin,mathilde.moulin@example.com,alex,https://randomuser.me/api/portraits/thumb/women/39.jpg
321,Kian,Skogmo,kian.skogmo@example.com,888888,https://randomuser.me/api/portraits/thumb/men/30.jpg
322,Bernabé,Quiñones,bernabe.quinones@example.com,bigballs,https://randomuser.me/api/portraits/thumb/women/68.jpg
323,Annick,Bourgeois,annick.bourgeois@example.com,commando,https://randomuser.me/api/portraits/thumb/women/3.jpg
324,Nanou,Wassink,nanou.wassink@example.com,1818,https://randomuser.me/api/portraits/thumb/women/58.jpg
325,Lesya,Olesnickiy,lesya.olesnickiy@example.com,ripken,https://randomuser.me/api/portraits/thumb/women/11.jpg
326,Maxwell,Carroll,maxwell.carroll@example.com,2468,https://randomuser.me/api/portraits/thumb/men/50.jpg
327,Minea,Karjala,minea.karjala@example.com,snoopy1,https://randomuser.me/api/portraits/thumb/women/16.jpg
328,Begüm,Elmastaşoğlu,begum.elmastasoglu@example.com,chelsea1,https://randomuser.me/api/portraits/thumb/women/84.jpg
329,Vibha,Namnaik,vibha.namnaik@example.com,lumina,https://randomuser.me/api/portraits/thumb/women/56.jpg
330,Ali,Sandalcı,ali.sandalci@example.com,pepper,https://randomuser.me/api/portraits/thumb/men/69.jpg
331,Bernadet,Kroes,bernadet.kroes@example.com,moneys,https://randomuser.me/api/portraits/thumb/women/46.jpg
332,Jordan,Fitzpatrick,jordan.fitzpatrick@example.com,hunt,https://randomuser.me/api/portraits/thumb/men/91.jpg
333,Micheal,Fitzsimmons,micheal.fitzsimmons@example.com,claude,https://randomuser.me/api/portraits/thumb/men/64.jpg
334,Slavina,Goshovskiy,slavina.goshovskiy@example.com,1944,https://randomuser.me/api/portraits/thumb/women/59.jpg
335,Ryan,Fernandez,ryan.fernandez@example.com,rush,https://randomuser.me/api/portraits/thumb/men/48.jpg
336,Ronja,Van Veelen,ronja.vanveelen@example.com,slayer1,https://randomuser.me/api/portraits/thumb/women/75.jpg
337,Eemeli,Halonen,eemeli.halonen@example.com,danielle,https://randomuser.me/api/portraits/thumb/men/95.jpg
338,Kevin,Hart,kevin.hart@example.com,mighty,https://randomuser.me/api/portraits/thumb/men/84.jpg
339,Yusuf,Clement,yusuf.clement@example.com,carpente,https://randomuser.me/api/portraits/thumb/men/64.jpg
340,Oskar,Betten,oskar.betten@example.com,fairlane,https://randomuser.me/api/portraits/thumb/men/9.jpg
341,Ángel,Nazario,angel.nazario@example.com,ramones,https://randomuser.me/api/portraits/thumb/men/93.jpg
342,Clesisniara,Martins,clesisniara.martins@example.com,cccc,https://randomuser.me/api/portraits/thumb/women/86.jpg
343,Melina,Jongkind,melina.jongkind@example.com,baldwin,https://randomuser.me/api/portraits/thumb/women/80.jpg
344,Trupti,Shayana,trupti.shayana@example.com,sylveste,https://randomuser.me/api/portraits/thumb/women/43.jpg
345,Slobodan,Hinzmann,slobodan.hinzmann@example.com,655321,https://randomuser.me/api/portraits/thumb/men/72.jpg
346,Jaime,Roger,jaime.roger@example.com,wildwood,https://randomuser.me/api/portraits/thumb/men/89.jpg
347,Bertrand,Moreau,bertrand.moreau@example.com,devo,https://randomuser.me/api/portraits/thumb/men/36.jpg
348,Raghav,Prajapati,raghav.prajapati@example.com,odessa,https://randomuser.me/api/portraits/thumb/men/66.jpg
349,Uilian,Rezende,uilian.rezende@example.com,scully,https://randomuser.me/api/portraits/thumb/men/4.jpg
350,Edith,Clark,edith.clark@example.com,piazza,https://randomuser.me/api/portraits/thumb/women/53.jpg
351,Aidan,Robinson,aidan.robinson@example.com,screwy,https://randomuser.me/api/portraits/thumb/men/27.jpg
352,Svyatolyuba,Padalka,svyatolyuba.padalka@example.com,metro,https://randomuser.me/api/portraits/thumb/women/18.jpg
353,Nathan,Li,nathan.li@example.com,donuts,https://randomuser.me/api/portraits/thumb/men/6.jpg
354,Nastasija,Kojić,nastasija.kojic@example.com,br0d3r,https://randomuser.me/api/portraits/thumb/women/65.jpg
355,Svetlana,Vujić,svetlana.vujic@example.com,oicu812,https://randomuser.me/api/portraits/thumb/women/60.jpg
356,Isobel,Harrison,isobel.harrison@example.com,drowssap,https://randomuser.me/api/portraits/thumb/women/43.jpg
357,Ruben,Keus,ruben.keus@example.com,bull,https://randomuser.me/api/portraits/thumb/men/6.jpg
358,Harsh,Hiremath,harsh.hiremath@example.com,maddog,https://randomuser.me/api/portraits/thumb/men/33.jpg
359,سام,صدر,sm.sdr@example.com,kawasaki,https://randomuser.me/api/portraits/thumb/men/0.jpg
360,Živorad,Stepanović,zivorad.stepanovic@example.com,primus,https://randomuser.me/api/portraits/thumb/men/27.jpg
361,Josephine,Gilbert,josephine.gilbert@example.com,jjjjj,https://randomuser.me/api/portraits/thumb/women/33.jpg
362,Veeti,Latt,veeti.latt@example.com,infinity,https://randomuser.me/api/portraits/thumb/men/59.jpg
363,Avram,Šotra,avram.sotra@example.com,farmer,https://randomuser.me/api/portraits/thumb/men/0.jpg
364,Dácio,Lima,dacio.lima@example.com,dream,https://randomuser.me/api/portraits/thumb/men/68.jpg
365,Neea,Joki,neea.joki@example.com,technics,https://randomuser.me/api/portraits/thumb/women/28.jpg
366,Albert,Mortensen,albert.mortensen@example.com,gofast,https://randomuser.me/api/portraits/thumb/men/23.jpg
367,مهرسا,گلشن,mhrs.glshn@example.com,conway,https://randomuser.me/api/portraits/thumb/women/76.jpg
368,Kayleigh,Engelsma,kayleigh.engelsma@example.com,heinrich,https://randomuser.me/api/portraits/thumb/women/88.jpg
369,Chloe,Soto,chloe.soto@example.com,alice,https://randomuser.me/api/portraits/thumb/women/44.jpg
370,Shreya,Poot,shreya.poot@example.com,200000,https://randomuser.me/api/portraits/thumb/women/32.jpg
371,Soham,Cunningham,soham.cunningham@example.com,marie1,https://randomuser.me/api/portraits/thumb/men/23.jpg
372,Lucas Or Luke,Stanley,lucasorluke.stanley@example.com,bigdog1,https://randomuser.me/api/portraits/thumb/men/78.jpg
373,Anatoli,Feld,anatoli.feld@example.com,hotmail,https://randomuser.me/api/portraits/thumb/men/42.jpg
374,Valentino,Pineda,valentino.pineda@example.com,adrienne,https://randomuser.me/api/portraits/thumb/men/12.jpg
375,Lysanne,Geraerts,lysanne.geraerts@example.com,nofear,https://randomuser.me/api/portraits/thumb/women/16.jpg
376,سپهر,حیدری,sphr.hydry@example.com,stinky,https://randomuser.me/api/portraits/thumb/men/79.jpg
377,Mallory,Van Otterdijk,mallory.vanotterdijk@example.com,seadog,https://randomuser.me/api/portraits/thumb/women/59.jpg
378,Joanneke,Bloemink,joanneke.bloemink@example.com,thecrow,https://randomuser.me/api/portraits/thumb/women/65.jpg
379,Sofia,Román,sofia.roman@example.com,ghost1,https://randomuser.me/api/portraits/thumb/women/63.jpg
380,Franciele,Almeida,franciele.almeida@example.com,noodles,https://randomuser.me/api/portraits/thumb/women/89.jpg
381,Baptiste,Richard,baptiste.richard@example.com,zephyr,https://randomuser.me/api/portraits/thumb/men/33.jpg
382,Allan,Moreno,allan.moreno@example.com,jughead,https://randomuser.me/api/portraits/thumb/men/34.jpg
383,Dulce,Caraballo,dulce.caraballo@example.com,nate,https://randomuser.me/api/portraits/thumb/women/47.jpg
384,Anton,Møller,anton.moller@example.com,kimberly,https://randomuser.me/api/portraits/thumb/men/36.jpg
385,Uschi,Herget,uschi.herget@example.com,171717,https://randomuser.me/api/portraits/thumb/women/53.jpg
386,Aubree,Fisher,aubree.fisher@example.com,beau,https://randomuser.me/api/portraits/thumb/women/75.jpg
387,Dolores,Völkl,dolores.volkl@example.com,postov1000,https://randomuser.me/api/portraits/thumb/women/68.jpg
388,Malthe,Møller,malthe.moller@example.com,pepe,https://randomuser.me/api/portraits/thumb/men/77.jpg
389,Valeria,Jeremić,valeria.jeremic@example.com,picks,https://randomuser.me/api/portraits/thumb/women/56.jpg
390,Renier,De Munnik,renier.demunnik@example.com,jupiter1,https://randomuser.me/api/portraits/thumb/men/19.jpg
391,Gabriel,Lo,gabriel.lo@example.com,carla,https://randomuser.me/api/portraits/thumb/men/69.jpg
392,Dogukan,Van der Weerden,dogukan.vanderweerden@example.com,federico,https://randomuser.me/api/portraits/thumb/men/72.jpg
393,Isabela,Ayala,isabela.ayala@example.com,fast,https://randomuser.me/api/portraits/thumb/women/13.jpg
394,Francisca,Velasco,francisca.velasco@example.com,visa,https://randomuser.me/api/portraits/thumb/women/54.jpg
395,Sofie,Madsen,sofie.madsen@example.com,pikachu,https://randomuser.me/api/portraits/thumb/women/32.jpg
396,Storm,Madsen,storm.madsen@example.com,3000gt,https://randomuser.me/api/portraits/thumb/men/41.jpg
397,Svetlana,Đokić,svetlana.dokic@example.com,qwe123,https://randomuser.me/api/portraits/thumb/women/10.jpg
398,Estênia,Ribeiro,estenia.ribeiro@example.com,wrangler,https://randomuser.me/api/portraits/thumb/women/60.jpg
399,Eric,Holt,eric.holt@example.com,donald,https://randomuser.me/api/portraits/thumb/men/34.jpg
400,Hayley,Taylor,hayley.taylor@example.com,clovis,https://randomuser.me/api/portraits/thumb/women/87.jpg
401,William,Lee,william.lee@example.com,helpme,https://randomuser.me/api/portraits/thumb/men/28.jpg
402,Julia,Elliott,julia.elliott@example.com,antonia,https://randomuser.me/api/portraits/thumb/women/41.jpg
403,Tammy,Cooper,tammy.cooper@example.com,232323,https://randomuser.me/api/portraits/thumb/women/38.jpg
404,Janette,Gerber,janette.gerber@example.com,ladyboy,https://randomuser.me/api/portraits/thumb/women/47.jpg
405,Lana,Schmitt,lana.schmitt@example.com,recovery,https://randomuser.me/api/portraits/thumb/women/82.jpg
406,Pascal,Petit,pascal.petit@example.com,snakes,https://randomuser.me/api/portraits/thumb/men/24.jpg
407,Harry,Bowman,harry.bowman@example.com,robotics,https://randomuser.me/api/portraits/thumb/men/48.jpg
408,Eir,Frøystad,eir.froystad@example.com,daewoo,https://randomuser.me/api/portraits/thumb/women/56.jpg
409,Carmelo,Vicente,carmelo.vicente@example.com,david,https://randomuser.me/api/portraits/thumb/men/37.jpg
410,Willy,Moser,willy.moser@example.com,bravo,https://randomuser.me/api/portraits/thumb/men/49.jpg
411,Josefine,Johansen,josefine.johansen@example.com,advance,https://randomuser.me/api/portraits/thumb/women/66.jpg
412,Nayden,Poturay,nayden.poturay@example.com,doris,https://randomuser.me/api/portraits/thumb/men/5.jpg
413,Philip,Nielsen,philip.nielsen@example.com,beerman,https://randomuser.me/api/portraits/thumb/men/41.jpg
414,Lilja,Lehto,lilja.lehto@example.com,forum,https://randomuser.me/api/portraits/thumb/women/72.jpg
415,Terentiy,Telishevskiy,terentiy.telishevskiy@example.com,roberts,https://randomuser.me/api/portraits/thumb/men/7.jpg
416,Evangelino,Alves,evangelino.alves@example.com,fingerig,https://randomuser.me/api/portraits/thumb/men/10.jpg
417,Hans-Dieter,Hans,hans-dieter.hans@example.com,stinker,https://randomuser.me/api/portraits/thumb/men/52.jpg
418,Antenor,da Cruz,antenor.dacruz@example.com,jesse,https://randomuser.me/api/portraits/thumb/men/47.jpg
419,Paul,Stevens,paul.stevens@example.com,barbara,https://randomuser.me/api/portraits/thumb/men/20.jpg
420,Oona,Kemppainen,oona.kemppainen@example.com,airborne,https://randomuser.me/api/portraits/thumb/women/79.jpg
421,Ludwina,Zauner,ludwina.zauner@example.com,augusta,https://randomuser.me/api/portraits/thumb/women/85.jpg
422,Nanna,Johansen,nanna.johansen@example.com,blessed,https://randomuser.me/api/portraits/thumb/women/5.jpg
423,Otto,Maki,otto.maki@example.com,4128,https://randomuser.me/api/portraits/thumb/men/6.jpg
424,Lorenzo,Flores,lorenzo.flores@example.com,bristol,https://randomuser.me/api/portraits/thumb/men/85.jpg
425,Fernando,Bishop,fernando.bishop@example.com,vamp,https://randomuser.me/api/portraits/thumb/men/76.jpg
426,Bertram,Jørgensen,bertram.jorgensen@example.com,brooks,https://randomuser.me/api/portraits/thumb/men/53.jpg
427,Otto,Eskola,otto.eskola@example.com,bumper,https://randomuser.me/api/portraits/thumb/men/61.jpg
428,Morena,Nicolas,morena.nicolas@example.com,husker,https://randomuser.me/api/portraits/thumb/women/66.jpg
429,Alice,Fournier,alice.fournier@example.com,87654321,https://randomuser.me/api/portraits/thumb/women/1.jpg
430,Eugene,Garza,eugene.garza@example.com,wanda,https://randomuser.me/api/portraits/thumb/men/44.jpg
431,Francine,Roussel,francine.roussel@example.com,storms,https://randomuser.me/api/portraits/thumb/women/94.jpg
432,Andy,Miles,andy.miles@example.com,chai,https://randomuser.me/api/portraits/thumb/men/90.jpg
433,Manon,Celie,manon.celie@example.com,49ers,https://randomuser.me/api/portraits/thumb/women/32.jpg
434,مهرسا,رضاییان,mhrs.rdyyn@example.com,spliff,https://randomuser.me/api/portraits/thumb/women/34.jpg
435,Bogdan,Đokanović,bogdan.dokanovic@example.com,suan,https://randomuser.me/api/portraits/thumb/men/95.jpg
436,Sean,Jacobs,sean.jacobs@example.com,friend,https://randomuser.me/api/portraits/thumb/men/12.jpg
437,Marisol,Regalado,marisol.regalado@example.com,369369,https://randomuser.me/api/portraits/thumb/women/82.jpg
438,Leroy,Freeman,leroy.freeman@example.com,cloud,https://randomuser.me/api/portraits/thumb/men/13.jpg
439,Rayaan,Mathew,rayaan.mathew@example.com,alone,https://randomuser.me/api/portraits/thumb/men/35.jpg
440,Ariadna,Velásquez,ariadna.velasquez@example.com,goodbye,https://randomuser.me/api/portraits/thumb/women/91.jpg
441,Uriel,Carvajal,uriel.carvajal@example.com,dimas,https://randomuser.me/api/portraits/thumb/men/43.jpg
442,Victoria,Ma,victoria.ma@example.com,istanbul,https://randomuser.me/api/portraits/thumb/women/19.jpg
443,Abbey,Long,abbey.long@example.com,scooter,https://randomuser.me/api/portraits/thumb/women/15.jpg
444,Axelle,Carpentier,axelle.carpentier@example.com,goliath,https://randomuser.me/api/portraits/thumb/women/63.jpg
445,Wendolin,Salinas,wendolin.salinas@example.com,warrior1,https://randomuser.me/api/portraits/thumb/men/18.jpg
446,Patrick,Bates,patrick.bates@example.com,islander,https://randomuser.me/api/portraits/thumb/men/57.jpg
447,Jonas,Sørensen,jonas.sorensen@example.com,whynot,https://randomuser.me/api/portraits/thumb/men/85.jpg
448,Yatan,Nagane,yatan.nagane@example.com,handball,https://randomuser.me/api/portraits/thumb/men/55.jpg
449,سینا,نجاتی,syn.njty@example.com,juniper,https://randomuser.me/api/portraits/thumb/men/27.jpg
450,Juana,Arellano,juana.arellano@example.com,answer,https://randomuser.me/api/portraits/thumb/women/64.jpg
451,Yasnogor,Bilecka,yasnogor.bilecka@example.com,newyear,https://randomuser.me/api/portraits/thumb/men/73.jpg
452,Chatura,Mendonsa,chatura.mendonsa@example.com,kkkkkk,https://randomuser.me/api/portraits/thumb/men/82.jpg
453,Vincent,Garrett,vincent.garrett@example.com,tuan,https://randomuser.me/api/portraits/thumb/men/13.jpg
454,Rebecca,Taj,rebecca.taj@example.com,fettish,https://randomuser.me/api/portraits/thumb/women/43.jpg
455,Noe,Michel,noe.michel@example.com,gocubs,https://randomuser.me/api/portraits/thumb/men/51.jpg
456,Lloyd,Campbell,lloyd.campbell@example.com,winston,https://randomuser.me/api/portraits/thumb/men/23.jpg
457,Vicki,Jimenez,vicki.jimenez@example.com,photo,https://randomuser.me/api/portraits/thumb/women/14.jpg
458,Isabelle,Richard,isabelle.richard@example.com,lightning,https://randomuser.me/api/portraits/thumb/women/15.jpg
459,Louise,Lervik,louise.lervik@example.com,sergio,https://randomuser.me/api/portraits/thumb/women/96.jpg
460,Katie,Turner,katie.turner@example.com,marble,https://randomuser.me/api/portraits/thumb/women/55.jpg
461,Alexandra,Johnson,alexandra.johnson@example.com,borders,https://randomuser.me/api/portraits/thumb/women/4.jpg
462,Heriberto,Fernandes,heriberto.fernandes@example.com,lassie,https://randomuser.me/api/portraits/thumb/men/39.jpg
463,Irá,Caldeira,ira.caldeira@example.com,vegas,https://randomuser.me/api/portraits/thumb/women/4.jpg
464,Yagnesh,Tipparti,yagnesh.tipparti@example.com,outlaw,https://randomuser.me/api/portraits/thumb/men/49.jpg
465,Tereza,Ilchuk,tereza.ilchuk@example.com,holmes,https://randomuser.me/api/portraits/thumb/women/31.jpg
466,Victoria,Thomsen,victoria.thomsen@example.com,coucou,https://randomuser.me/api/portraits/thumb/women/44.jpg
467,Arthur,Burns,arthur.burns@example.com,engage,https://randomuser.me/api/portraits/thumb/men/10.jpg
468,Shannon,Soto,shannon.soto@example.com,andrews,https://randomuser.me/api/portraits/thumb/women/13.jpg
469,Emy,Masson,emy.masson@example.com,scott1,https://randomuser.me/api/portraits/thumb/women/1.jpg
470,Xavier,Wang,xavier.wang@example.com,abigail,https://randomuser.me/api/portraits/thumb/men/99.jpg
471,Sophie,Gray,sophie.gray@example.com,true,https://randomuser.me/api/portraits/thumb/women/24.jpg
472,Gail,Mason,gail.mason@example.com,celebrity,https://randomuser.me/api/portraits/thumb/women/85.jpg
473,Francisco Javier,Lomeli,franciscojavier.lomeli@example.com,corleone,https://randomuser.me/api/portraits/thumb/men/51.jpg
474,Kate,Nguyen,kate.nguyen@example.com,beaches,https://randomuser.me/api/portraits/thumb/women/7.jpg
475,Lillian,Taylor,lillian.taylor@example.com,gerbil,https://randomuser.me/api/portraits/thumb/women/44.jpg
476,Marjan,Herb,marjan.herb@example.com,81fukkc,https://randomuser.me/api/portraits/thumb/women/57.jpg
477,Dennis,Roussel,dennis.roussel@example.com,melody,https://randomuser.me/api/portraits/thumb/men/42.jpg
478,Smruthi,Uchil,smruthi.uchil@example.com,yyyyyyy,https://randomuser.me/api/portraits/thumb/women/40.jpg
479,Ernst-August,Roder,ernst-august.roder@example.com,becky,https://randomuser.me/api/portraits/thumb/men/19.jpg
480,Tanya,Kuhn,tanya.kuhn@example.com,damien,https://randomuser.me/api/portraits/thumb/women/13.jpg
481,Alfred,Hansen,alfred.hansen@example.com,banshee,https://randomuser.me/api/portraits/thumb/men/81.jpg
482,Anne-Loes,Woltman,anne-loes.woltman@example.com,saleen,https://randomuser.me/api/portraits/thumb/women/72.jpg
483,Ioná,da Paz,iona.dapaz@example.com,alucard,https://randomuser.me/api/portraits/thumb/women/40.jpg
484,Susanne,Leclercq,susanne.leclercq@example.com,bright,https://randomuser.me/api/portraits/thumb/women/54.jpg
485,Josefine,Rasmussen,josefine.rasmussen@example.com,trucker,https://randomuser.me/api/portraits/thumb/women/53.jpg
486,Joann,Rivera,joann.rivera@example.com,face,https://randomuser.me/api/portraits/thumb/women/67.jpg
487,مهدي,حسینی,mhdy.hsyny@example.com,saturday,https://randomuser.me/api/portraits/thumb/men/52.jpg
488,Rodolfo,Bravo,rodolfo.bravo@example.com,kelley,https://randomuser.me/api/portraits/thumb/men/86.jpg
489,Yunnuel,Cavazos,yunnuel.cavazos@example.com,driver,https://randomuser.me/api/portraits/thumb/men/92.jpg
490,Patrick,Jean,patrick.jean@example.com,ssssssss,https://randomuser.me/api/portraits/thumb/men/21.jpg
491,Eugenio,Meraz,eugenio.meraz@example.com,bambam,https://randomuser.me/api/portraits/thumb/men/19.jpg
492,Cassandra,Van Erkel,cassandra.vanerkel@example.com,long,https://randomuser.me/api/portraits/thumb/women/90.jpg
493,Antonio,Nereng,antonio.nereng@example.com,tarheels,https://randomuser.me/api/portraits/thumb/men/78.jpg
494,Laurent,Roux,laurent.roux@example.com,solitude,https://randomuser.me/api/portraits/thumb/men/13.jpg
495,Franz-Xaver,Reinhart,franz-xaver.reinhart@example.com,aaron1,https://randomuser.me/api/portraits/thumb/men/61.jpg
496,Agron,Aubert,agron.aubert@example.com,dolores,https://randomuser.me/api/portraits/thumb/men/66.jpg
497,Hudson,Chu,hudson.chu@example.com,streets,https://randomuser.me/api/portraits/thumb/men/5.jpg
498,Rosemere,Fernandes,rosemere.fernandes@example.com,bremen,https://randomuser.me/api/portraits/thumb/women/75.jpg
499,Louis,Miller,louis.miller@example.com,fdsa,https://randomuser.me/api/portraits/thumb/men/24.jpg
500,Solène,Roche,solene.roche@example.com,plum,https://randomuser.me/api/portraits/thumb/women/1.jpg
501,Alexa,Günzel,alexa.gunzel@example.com,model,https://randomuser.me/api/portraits/thumb/women/0.jpg
502,Lyam,Rey,lyam.rey@example.com,bubble,https://randomuser.me/api/portraits/thumb/men/64.jpg
503,Ryan,Namnaik,ryan.namnaik@example.com,1954,https://randomuser.me/api/portraits/thumb/men/46.jpg
504,Stefanija,Zelenović,stefanija.zelenovic@example.com,june,https://randomuser.me/api/portraits/thumb/women/82.jpg
505,Arthur,Edwards,arthur.edwards@example.com,holmes,https://randomuser.me/api/portraits/thumb/men/10.jpg
506,Guy,Morales,guy.morales@example.com,tribe,https://randomuser.me/api/portraits/thumb/men/44.jpg
507,Leonel,Cabán,leonel.caban@example.com,roswell,https://randomuser.me/api/portraits/thumb/men/55.jpg
508,Tomislav,Filipović,tomislav.filipovic@example.com,1023,https://randomuser.me/api/portraits/thumb/men/95.jpg
509,Zoe,Patel,zoe.patel@example.com,gordo,https://randomuser.me/api/portraits/thumb/women/14.jpg
510,Jovan,Selaković,jovan.selakovic@example.com,cosmos,https://randomuser.me/api/portraits/thumb/men/58.jpg
511,Borja,Aguilar,borja.aguilar@example.com,hard,https://randomuser.me/api/portraits/thumb/men/75.jpg
512,Batur,Pektemek,batur.pektemek@example.com,perry,https://randomuser.me/api/portraits/thumb/men/77.jpg
513,Marigje,Vader,marigje.vader@example.com,mandingo,https://randomuser.me/api/portraits/thumb/women/86.jpg
514,Devon,Wade,devon.wade@example.com,revenge,https://randomuser.me/api/portraits/thumb/men/90.jpg
515,Wendolin,Toro,wendolin.toro@example.com,mylife,https://randomuser.me/api/portraits/thumb/men/85.jpg
516,Nelly,Villareal,nelly.villareal@example.com,winston1,https://randomuser.me/api/portraits/thumb/women/28.jpg
517,Meral,Kıraç,meral.kirac@example.com,musicman,https://randomuser.me/api/portraits/thumb/women/84.jpg
518,سام,کریمی,sm.khrymy@example.com,rocco,https://randomuser.me/api/portraits/thumb/men/74.jpg
519,Rigo,Korte,rigo.korte@example.com,lucy,https://randomuser.me/api/portraits/thumb/men/32.jpg
520,Steven,Guillaume,steven.guillaume@example.com,benjamin,https://randomuser.me/api/portraits/thumb/men/93.jpg
521,Emily,Campbell,emily.campbell@example.com,admin1,https://randomuser.me/api/portraits/thumb/women/43.jpg
522,Paola,Gonzales,paola.gonzales@example.com,ramona,https://randomuser.me/api/portraits/thumb/women/58.jpg
523,Luka,Skinstad,luka.skinstad@example.com,nate,https://randomuser.me/api/portraits/thumb/men/46.jpg
524,Praneel,Pujari,praneel.pujari@example.com,waterfal,https://randomuser.me/api/portraits/thumb/men/41.jpg
525,Daisi,Ribeiro,daisi.ribeiro@example.com,wibble,https://randomuser.me/api/portraits/thumb/women/68.jpg
526,Candice,Gonzalez,candice.gonzalez@example.com,tomato,https://randomuser.me/api/portraits/thumb/women/52.jpg
527,Kazimira,Volikivskiy,kazimira.volikivskiy@example.com,anton,https://randomuser.me/api/portraits/thumb/women/74.jpg
528,Silvia,Crespo,silvia.crespo@example.com,chiks,https://randomuser.me/api/portraits/thumb/women/46.jpg
529,Anika,Shenoy,anika.shenoy@example.com,chuo,https://randomuser.me/api/portraits/thumb/women/47.jpg
530,Teotónio,Rocha,teotonio.rocha@example.com,written,https://randomuser.me/api/portraits/thumb/men/40.jpg
531,Johan,Thomsen,johan.thomsen@example.com,colorado,https://randomuser.me/api/portraits/thumb/men/68.jpg
532,Zoe,Patel,zoe.patel@example.com,satchmo,https://randomuser.me/api/portraits/thumb/women/88.jpg
533,Joan,Ibáñez,joan.ibanez@example.com,2727,https://randomuser.me/api/portraits/thumb/men/69.jpg
534,كيان,علیزاده,kyn.aalyzdh@example.com,494949,https://randomuser.me/api/portraits/thumb/men/61.jpg
535,Gerry,Ferguson,gerry.ferguson@example.com,pistons,https://randomuser.me/api/portraits/thumb/men/92.jpg
536,Judy,Burns,judy.burns@example.com,dragonfl,https://randomuser.me/api/portraits/thumb/women/77.jpg
537,Michael,Grant,michael.grant@example.com,women,https://randomuser.me/api/portraits/thumb/men/22.jpg
538,Yivga,Korponay,yivga.korponay@example.com,china,https://randomuser.me/api/portraits/thumb/women/6.jpg
539,Isaiah,Farragher,isaiah.farragher@example.com,blake,https://randomuser.me/api/portraits/thumb/men/50.jpg
540,Lucas,Fortin,lucas.fortin@example.com,buster,https://randomuser.me/api/portraits/thumb/men/98.jpg
541,Nixon,Moore,nixon.moore@example.com,motion,https://randomuser.me/api/portraits/thumb/men/30.jpg
542,Don,Mitchell,don.mitchell@example.com,fantasy,https://randomuser.me/api/portraits/thumb/men/68.jpg
543,Christina,Hall,christina.hall@example.com,baker,https://randomuser.me/api/portraits/thumb/women/39.jpg
544,Karl-Hermann,Gräber,karl-hermann.graber@example.com,098765,https://randomuser.me/api/portraits/thumb/men/40.jpg
545,Viola,Graf,viola.graf@example.com,marcia,https://randomuser.me/api/portraits/thumb/women/64.jpg
546,Jorge,Peña,jorge.pena@example.com,nana,https://randomuser.me/api/portraits/thumb/men/56.jpg
547,Fábio,Alves,fabio.alves@example.com,boss,https://randomuser.me/api/portraits/thumb/men/71.jpg
548,Lilian,König,lilian.konig@example.com,trees,https://randomuser.me/api/portraits/thumb/women/94.jpg
549,Ava,Lawson,ava.lawson@example.com,shanghai,https://randomuser.me/api/portraits/thumb/women/17.jpg
550,Albert,Ortiz,albert.ortiz@example.com,chewie,https://randomuser.me/api/portraits/thumb/men/3.jpg
551,Arnav,Shet,arnav.shet@example.com,purdue,https://randomuser.me/api/portraits/thumb/men/99.jpg
552,Valeska,Hey,valeska.hey@example.com,635241,https://randomuser.me/api/portraits/thumb/women/10.jpg
553,Armand,Noel,armand.noel@example.com,bigred,https://randomuser.me/api/portraits/thumb/men/93.jpg
554,Carolyn,Stephens,carolyn.stephens@example.com,intrepid,https://randomuser.me/api/portraits/thumb/women/54.jpg
555,Emilia,Gerard,emilia.gerard@example.com,pokey,https://randomuser.me/api/portraits/thumb/women/74.jpg
556,آنیتا,صدر,anyt.sdr@example.com,575757,https://randomuser.me/api/portraits/thumb/women/56.jpg
557,Kenneth,Thomas,kenneth.thomas@example.com,1958,https://randomuser.me/api/portraits/thumb/men/83.jpg
558,Ronja,Adolfsen,ronja.adolfsen@example.com,joanna,https://randomuser.me/api/portraits/thumb/women/57.jpg
559,Mandy,Perkins,mandy.perkins@example.com,cindy,https://randomuser.me/api/portraits/thumb/women/76.jpg
560,علی رضا,علیزاده,aalyrd.aalyzdh@example.com,slipper,https://randomuser.me/api/portraits/thumb/men/16.jpg
561,Umut,Çetiner,umut.cetiner@example.com,abcde,https://randomuser.me/api/portraits/thumb/men/69.jpg
562,Woldemar,Hedrich,woldemar.hedrich@example.com,scooby1,https://randomuser.me/api/portraits/thumb/men/24.jpg
563,Elizabeth,White,elizabeth.white@example.com,leather,https://randomuser.me/api/portraits/thumb/women/37.jpg
564,Louis,Peterson,louis.peterson@example.com,chad,https://randomuser.me/api/portraits/thumb/men/62.jpg
565,Cassandra,Andersen,cassandra.andersen@example.com,onion,https://randomuser.me/api/portraits/thumb/women/89.jpg
566,Sandia,Van Haaften,sandia.vanhaaften@example.com,disney,https://randomuser.me/api/portraits/thumb/women/81.jpg
567,Robert,Stone,robert.stone@example.com,paris1,https://randomuser.me/api/portraits/thumb/men/82.jpg
568,آدرینا,حیدری,adryn.hydry@example.com,experience,https://randomuser.me/api/portraits/thumb/women/52.jpg
569,سورنا,سهيلي راد,swrn.shylyrd@example.com,preston,https://randomuser.me/api/portraits/thumb/men/82.jpg
570,Zackary,Harcourt,zackary.harcourt@example.com,98765,https://randomuser.me/api/portraits/thumb/men/19.jpg
571,Gonca,Duygulu,gonca.duygulu@example.com,nylons,https://randomuser.me/api/portraits/thumb/women/50.jpg
572,Roxane,Blanc,roxane.blanc@example.com,1986,https://randomuser.me/api/portraits/thumb/women/55.jpg
573,Esmeray,Wolbert,esmeray.wolbert@example.com,circle,https://randomuser.me/api/portraits/thumb/women/36.jpg
574,Carmério,da Paz,carmerio.dapaz@example.com,hydro,https://randomuser.me/api/portraits/thumb/men/33.jpg
575,Nina,Haieckiy,nina.haieckiy@example.com,sanity72,https://randomuser.me/api/portraits/thumb/women/49.jpg
576,Toivo,Lehtola,toivo.lehtola@example.com,seahawks,https://randomuser.me/api/portraits/thumb/men/25.jpg
577,Anaisha,Bal,anaisha.bal@example.com,deanna,https://randomuser.me/api/portraits/thumb/women/90.jpg
578,Emma,Kujala,emma.kujala@example.com,nurses,https://randomuser.me/api/portraits/thumb/women/4.jpg
579,Silje,Mortensen,silje.mortensen@example.com,jaguars,https://randomuser.me/api/portraits/thumb/women/55.jpg
580,Paul,Boyer,paul.boyer@example.com,butch,https://randomuser.me/api/portraits/thumb/men/53.jpg
581,Lev,Dieker,lev.dieker@example.com,foxy,https://randomuser.me/api/portraits/thumb/men/11.jpg
582,Amelia,Andersen,amelia.andersen@example.com,peachy,https://randomuser.me/api/portraits/thumb/women/48.jpg
583,پارسا,كامياران,prs.kmyrn@example.com,holein1,https://randomuser.me/api/portraits/thumb/men/0.jpg
584,Lilly,Lefebvre,lilly.lefebvre@example.com,marquis,https://randomuser.me/api/portraits/thumb/women/1.jpg
585,Aashish,Saldanha,aashish.saldanha@example.com,alexa,https://randomuser.me/api/portraits/thumb/men/87.jpg
586,Leo,Taylor,leo.taylor@example.com,orlando,https://randomuser.me/api/portraits/thumb/men/29.jpg
587,Sjur,Willassen,sjur.willassen@example.com,a1234567,https://randomuser.me/api/portraits/thumb/men/80.jpg
588,Beatriz,Esteban,beatriz.esteban@example.com,1211,https://randomuser.me/api/portraits/thumb/women/47.jpg
589,Ceyhun,Candan,ceyhun.candan@example.com,sprint,https://randomuser.me/api/portraits/thumb/men/67.jpg
590,Kerttu,Justi,kerttu.justi@example.com,monkeybo,https://randomuser.me/api/portraits/thumb/women/30.jpg
591,Olja,Daničić,olja.danicic@example.com,highbury,https://randomuser.me/api/portraits/thumb/women/32.jpg
592,Shaurya,Das,shaurya.das@example.com,chai,https://randomuser.me/api/portraits/thumb/men/14.jpg
593,Aldonza,Lebrón,aldonza.lebron@example.com,addict,https://randomuser.me/api/portraits/thumb/women/55.jpg
594,Rosa,Mills,rosa.mills@example.com,mookie,https://randomuser.me/api/portraits/thumb/women/75.jpg
595,Elena,Garrido,elena.garrido@example.com,bendover,https://randomuser.me/api/portraits/thumb/women/44.jpg
596,Eva,Freeman,eva.freeman@example.com,852456,https://randomuser.me/api/portraits/thumb/women/17.jpg
597,Matias,Oja,matias.oja@example.com,lucas1,https://randomuser.me/api/portraits/thumb/men/67.jpg
598,Tyrone,Davidson,tyrone.davidson@example.com,sheriff,https://randomuser.me/api/portraits/thumb/men/29.jpg
599,Sethu,Kamath,sethu.kamath@example.com,jenny1,https://randomuser.me/api/portraits/thumb/women/62.jpg
600,Nick,Rhodes,nick.rhodes@example.com,sunny1,https://randomuser.me/api/portraits/thumb/men/48.jpg
601,Begüm,Egeli,begum.egeli@example.com,zzzzzzzz,https://randomuser.me/api/portraits/thumb/women/46.jpg
602,اميرحسين,موسوی,myrhsyn.mwswy@example.com,celtic,https://randomuser.me/api/portraits/thumb/men/3.jpg
603,رونیکا,کامروا,rwnykh.khmrw@example.com,natalie1,https://randomuser.me/api/portraits/thumb/women/15.jpg
604,Adolfo,Domínguez,adolfo.dominguez@example.com,marcos,https://randomuser.me/api/portraits/thumb/men/45.jpg
605,Estelle,Robert,estelle.robert@example.com,kristy,https://randomuser.me/api/portraits/thumb/women/46.jpg
606,Julius,Laitinen,julius.laitinen@example.com,snowboar,https://randomuser.me/api/portraits/thumb/men/78.jpg
607,Luis,Gómez,luis.gomez@example.com,jericho,https://randomuser.me/api/portraits/thumb/men/51.jpg
608,Maritis,da Rocha,maritis.darocha@example.com,yvonne,https://randomuser.me/api/portraits/thumb/women/4.jpg
609,Grace,Fernandes,grace.fernandes@example.com,post,https://randomuser.me/api/portraits/thumb/women/77.jpg
610,Ilaria,Charles,ilaria.charles@example.com,123987,https://randomuser.me/api/portraits/thumb/women/16.jpg
